Vehicles,Algorithm,Avg Waiting Time
50,EDF,173.25732679834258
50,PROPOSED_SCHED,143.47776607498673
100,EDF,282.5963567077089
100,PROPOSED_SCHED,234.88814626055816
200,EDF,524.0696859912135
200,PROPOSED_SCHED,436.81179136634546
400,EDF,883.5088191646141
400,PROPOSED_SCHED,737.428619141598
